run,cycles,instructions,cpi,sp,ra,exception_flag,label
1,1151326,1118884,1.02,2147501168,2147484452,1,register_fault
2,863096,864550,0.99,2147501168,2147484452,1,register_fault
3,835472,834730,1.00,2147501168,2147484452,1,register_fault
4,827110,826958,1.00,2147501168,2147484452,1,register_fault
5,827876,827660,1.00,2147501168,2147484452,1,register_fault
6,936930,937206,0.99,2147501168,2147484452,1,register_fault
7,838152,838096,1.00,2147501168,2147484452,1,register_fault
8,817740,817544,1.00,2147501168,2147484452,1,register_fault
9,823626,823482,1.00,2147501168,2147484452,1,register_fault
10,818362,817312,1.00,2147501168,2147484452,1,register_fault
11,808170,807928,1.00,2147501168,2147484452,1,register_fault
12,826306,826176,1.00,2147501168,2147484452,1,register_fault
13,828446,828336,1.00,2147501168,2147484452,1,register_fault
14,816882,816822,1.00,2147501168,2147484452,1,register_fault
15,823712,823658,1.00,2147501168,2147484452,1,register_fault
16,825796,825768,1.00,2147501168,2147484452,1,register_fault
17,1033136,1035284,0.99,2147501168,2147484452,1,register_fault
18,812434,812010,1.00,2147501168,2147484452,1,register_fault
19,823852,823722,1.00,2147501168,2147484452,1,register_fault
20,811560,811410,1.00,2147501168,2147484452,1,register_fault
21,826706,826732,0.99,2147501168,2147484452,1,register_fault
22,807722,807686,1.00,2147501168,2147484452,1,register_fault
23,820416,820440,0.99,2147501168,2147484452,1,register_fault
24,820882,820818,1.00,2147501168,2147484452,1,register_fault
25,819744,819640,1.00,2147501168,2147484452,1,register_fault
26,822662,822632,1.00,2147501168,2147484452,1,register_fault
27,815850,815736,1.00,2147501168,2147484452,1,register_fault
28,807322,807228,1.00,2147501168,2147484452,1,register_fault
29,807686,807616,1.00,2147501168,2147484452,1,register_fault
30,807502,807306,1.00,2147501168,2147484452,1,register_fault
31,807832,807730,1.00,2147501168,2147484452,1,register_fault
32,810012,809930,1.00,2147501168,2147484452,1,register_fault
33,807494,807428,1.00,2147501168,2147484452,1,register_fault
34,809900,809894,1.00,2147501168,2147484452,1,register_fault
35,807898,807780,1.00,2147501168,2147484452,1,register_fault
36,882748,882850,0.99,2147501168,2147484452,1,register_fault
37,879404,879336,1.00,2147501168,2147484452,1,register_fault
38,839532,839260,1.00,2147501168,2147484452,1,register_fault
39,826374,826302,1.00,2147501168,2147484452,1,register_fault
40,832188,836748,0.99,2147501168,2147484452,1,register_fault
41,825312,825188,1.00,2147501168,2147484452,1,register_fault
42,835122,835008,1.00,2147501168,2147484452,1,register_fault
43,827884,827912,0.99,2147501168,2147484452,1,register_fault
44,825938,825882,1.00,2147501168,2147484452,1,register_fault
45,850324,850156,1.00,2147501168,2147484452,1,register_fault
46,856568,856426,1.00,2147501168,2147484452,1,register_fault
47,828632,828612,1.00,2147501168,2147484452,1,register_fault
48,825332,825290,1.00,2147501168,2147484452,1,register_fault
49,828900,828824,1.00,2147501168,2147484452,1,register_fault
50,835074,834922,1.00,2147501168,2147484452,1,register_fault
51,826022,825878,1.00,2147501168,2147484452,1,register_fault
52,826140,826190,0.99,2147501168,2147484452,1,register_fault
53,816420,816318,1.00,2147501168,2147484452,1,register_fault
54,858822,858380,1.00,2147501168,2147484452,1,register_fault
55,807642,807504,1.00,2147501168,2147484452,1,register_fault
56,810024,809996,1.00,2147501168,2147484452,1,register_fault
57,823284,823146,1.00,2147501168,2147484452,1,register_fault
58,826760,826782,0.99,2147501168,2147484452,1,register_fault
59,814454,814322,1.00,2147501168,2147484452,1,register_fault
60,807182,807086,1.00,2147501168,2147484452,1,register_fault
61,807734,807640,1.00,2147501168,2147484452,1,register_fault
62,808138,808046,1.00,2147501168,2147484452,1,register_fault
63,823024,822968,1.00,2147501168,2147484452,1,register_fault
64,807720,807654,1.00,2147501168,2147484452,1,register_fault
65,809892,809932,0.99,2147501168,2147484452,1,register_fault
66,807374,807298,1.00,2147501168,2147484452,1,register_fault
67,810300,810132,1.00,2147501168,2147484452,1,register_fault
68,807926,807558,1.00,2147501168,2147484452,1,register_fault
69,807496,807690,0.99,2147501168,2147484452,1,register_fault
70,807576,807476,1.00,2147501168,2147484452,1,register_fault
71,807482,807362,1.00,2147501168,2147484452,1,register_fault
72,929024,929630,0.99,2147501168,2147484452,1,register_fault
73,812792,812686,1.00,2147501168,2147484452,1,register_fault
74,809874,809848,1.00,2147501168,2147484452,1,register_fault
75,807884,807742,1.00,2147501168,2147484452,1,register_fault
76,810298,810290,1.00,2147501168,2147484452,1,register_fault
77,807386,807288,1.00,2147501168,2147484452,1,register_fault
78,810102,810054,1.00,2147501168,2147484452,1,register_fault
79,807164,807106,1.00,2147501168,2147484452,1,register_fault
80,807480,807386,1.00,2147501168,2147484452,1,register_fault
81,807756,807650,1.00,2147501168,2147484452,1,register_fault
82,807786,807650,1.00,2147501168,2147484452,1,register_fault
83,852772,852810,0.99,2147501168,2147484452,1,register_fault
84,807330,807246,1.00,2147501168,2147484452,1,register_fault
85,810180,810202,0.99,2147501168,2147484452,1,register_fault
86,807836,807706,1.00,2147501168,2147484452,1,register_fault
87,814788,814678,1.00,2147501168,2147484452,1,register_fault
88,844008,843930,1.00,2147501168,2147484452,1,register_fault
89,812494,812364,1.00,2147501168,2147484452,1,register_fault
90,807178,807056,1.00,2147501168,2147484452,1,register_fault
91,808058,807988,1.00,2147501168,2147484452,1,register_fault
92,822576,822500,1.00,2147501168,2147484452,1,register_fault
93,807700,807580,1.00,2147501168,2147484452,1,register_fault
94,810022,810058,0.99,2147501168,2147484452,1,register_fault
95,807502,807394,1.00,2147501168,2147484452,1,register_fault
96,809854,809770,1.00,2147501168,2147484452,1,register_fault
97,808012,807826,1.00,2147501168,2147484452,1,register_fault
98,807274,807162,1.00,2147501168,2147484452,1,register_fault
99,807564,807386,1.00,2147501168,2147484452,1,register_fault
100,807524,807376,1.00,2147501168,2147484452,1,register_fault
101,809686,809654,1.00,2147501168,2147484452,1,register_fault
102,807282,807136,1.00,2147501168,2147484452,1,register_fault
103,812372,812232,1.00,2147501168,2147484452,1,register_fault
104,807590,807454,1.00,2147501168,2147484452,1,register_fault
105,809800,809730,1.00,2147501168,2147484452,1,register_fault
106,807652,807524,1.00,2147501168,2147484452,1,register_fault
107,807374,807222,1.00,2147501168,2147484452,1,register_fault
108,881070,880926,1.00,2147501168,2147484452,1,register_fault
109,807878,807752,1.00,2147501168,2147484452,1,register_fault
110,810162,810144,1.00,2147501168,2147484452,1,register_fault
111,828646,828666,0.99,2147501168,2147484452,1,register_fault
112,828260,828228,1.00,2147501168,2147484452,1,register_fault
113,807380,807220,1.00,2147501168,2147484452,1,register_fault
114,809932,809810,1.00,2147501168,2147484452,1,register_fault
115,807364,807144,1.00,2147501168,2147484452,1,register_fault
116,807466,807408,1.00,2147501168,2147484452,1,register_fault
117,807438,807264,1.00,2147501168,2147484452,1,register_fault
118,807774,807610,1.00,2147501168,2147484452,1,register_fault
119,809648,809502,1.00,2147501168,2147484452,1,register_fault
120,807190,807006,1.00,2147501168,2147484452,1,register_fault
121,809644,809382,1.00,2147501168,2147484452,1,register_fault
122,826246,826048,1.00,2147501168,2147484452,1,register_fault
123,828842,828710,1.00,2147501168,2147484452,1,register_fault
124,825474,825382,1.00,2147501168,2147484452,1,register_fault
125,836988,837284,0.99,2147501168,2147484452,1,register_fault
126,836826,836994,0.99,2147501168,2147484452,1,register_fault
127,825914,825738,1.00,2147501168,2147484452,1,register_fault
128,848894,849074,0.99,2147501168,2147484452,1,register_fault
129,826288,825872,1.00,2147501168,2147484452,1,register_fault
130,841652,841378,1.00,2147501168,2147484452,1,register_fault
131,826328,826786,0.99,2147501168,2147484452,1,register_fault
132,899804,899688,1.00,2147501168,2147484452,1,register_fault
133,825970,825842,1.00,2147501168,2147484452,1,register_fault
134,831846,831724,1.00,2147501168,2147484452,1,register_fault
135,825842,825776,1.00,2147501168,2147484452,1,register_fault
136,825344,825346,0.99,2147501168,2147484452,1,register_fault
137,836114,836050,1.00,2147501168,2147484452,1,register_fault
138,835278,835330,0.99,2147501168,2147484452,1,register_fault
139,825764,825688,1.00,2147501168,2147484452,1,register_fault
140,825486,825522,0.99,2147501168,2147484452,1,register_fault
141,825650,825540,1.00,2147501168,2147484452,1,register_fault
142,984524,987766,0.99,2147501168,2147484452,1,register_fault
143,826282,825994,1.00,2147501168,2147484452,1,register_fault
144,826574,826348,1.00,2147501168,2147484452,1,register_fault
145,826144,825972,1.00,2147501168,2147484452,1,register_fault
146,825982,825864,1.00,2147501168,2147484452,1,register_fault
147,826042,825888,1.00,2147501168,2147484452,1,register_fault
148,825718,825614,1.00,2147501168,2147484452,1,register_fault
149,826286,826200,1.00,2147501168,2147484452,1,register_fault
150,1066395,1068753,0.99,2147501168,2147484452,1,register_fault
151,865091,866865,0.99,2147501168,2147484452,1,register_fault
152,893558,893130,1.00,2147501168,2147484452,1,register_fault
153,933002,933248,0.99,2147501168,2147484452,1,register_fault
154,890486,890456,1.00,2147501168,2147484452,1,register_fault
155,910819,911219,0.99,2147501168,2147484452,1,register_fault
156,846684,846444,1.00,2147501168,2147484452,1,register_fault
157,859044,859316,0.99,2147501168,2147484452,1,register_fault
158,895344,895456,0.99,2147501168,2147484452,1,register_fault
159,885808,884594,1.00,2147501168,2147484452,1,register_fault
160,853666,855616,0.99,2147501168,2147484452,1,register_fault
161,838761,838623,1.00,2147501168,2147484452,1,register_fault
162,847512,849612,0.99,2147501168,2147484452,1,register_fault
163,826886,826412,1.00,2147501168,2147484452,1,register_fault
164,900369,902475,0.99,2147501168,2147484452,1,register_fault
165,814154,813760,1.00,2147501168,2147484452,1,register_fault
166,853420,853766,0.99,2147501168,2147484452,1,register_fault
167,813510,813500,1.00,2147501168,2147484452,1,register_fault
168,817414,817404,1.00,2147501168,2147484452,1,register_fault
169,880655,882805,0.99,2147501168,2147484452,1,register_fault
170,819458,818450,1.00,2147501168,2147484452,1,register_fault
171,859538,858684,1.00,2147501168,2147484452,1,register_fault
172,887367,889371,0.99,2147501168,2147484452,1,register_fault
173,837707,839489,0.99,2147501168,2147484452,1,register_fault
174,867029,868915,0.99,2147501168,2147484452,1,register_fault
175,1216476,1218260,0.99,2147501168,2147484452,1,register_fault
176,834098,833574,1.00,2147501168,2147484452,1,register_fault
177,825954,825714,1.00,2147501168,2147484452,1,register_fault
178,826382,826246,1.00,2147501168,2147484452,1,register_fault
179,889585,891221,0.99,2147501168,2147484452,1,register_fault
180,851820,851696,1.00,2147501168,2147484452,1,register_fault
181,852142,851202,1.00,2147501168,2147484452,1,register_fault
182,865915,866075,0.99,2147501168,2147484452,1,register_fault
183,826108,825966,1.00,2147501168,2147484452,1,register_fault
184,851251,851581,0.99,2147501168,2147484452,1,register_fault
185,866203,866575,0.99,2147501168,2147484452,1,register_fault
186,850100,850316,0.99,2147501168,2147484452,1,register_fault
187,827538,826982,1.00,2147501168,2147484452,1,register_fault
188,826054,825794,1.00,2147501168,2147484452,1,register_fault
189,826010,825862,1.00,2147501168,2147484452,1,register_fault
190,825962,825924,1.00,2147501168,2147484452,1,register_fault
191,849176,849390,0.99,2147501168,2147484452,1,register_fault
192,842750,842970,0.99,2147501168,2147484452,1,register_fault
193,826184,826150,1.00,2147501168,2147484452,1,register_fault
194,846052,846300,0.99,2147501168,2147484452,1,register_fault
195,826056,826072,0.99,2147501168,2147484452,1,register_fault
196,829026,829080,0.99,2147501168,2147484452,1,register_fault
197,850324,850576,0.99,2147501168,2147484452,1,register_fault
198,827934,826876,1.00,2147501168,2147484452,1,register_fault
199,826154,826016,1.00,2147501168,2147484452,1,register_fault
200,841978,843070,0.99,2147501168,2147484452,1,register_fault
201,849844,849772,1.00,2147501168,2147484452,1,register_fault
202,852255,853203,0.99,2147501168,2147484452,1,register_fault
203,834933,835231,0.99,2147501168,2147484452,1,register_fault
204,929407,929759,0.99,2147501168,2147484452,1,register_fault
205,876056,876332,0.99,2147501168,2147484452,1,register_fault
206,867386,867454,0.99,2147501168,2147484452,1,register_fault
207,842025,843815,0.99,2147501168,2147484452,1,register_fault
208,874121,874469,0.99,2147501168,2147484452,1,register_fault
209,855888,856204,0.99,2147501168,2147484452,1,register_fault
210,915820,916264,0.99,2147501168,2147484452,1,register_fault
211,897795,897907,0.99,2147501168,2147484452,1,register_fault
212,826602,825974,1.00,2147501168,2147484452,1,register_fault
213,826566,826418,1.00,2147501168,2147484452,1,register_fault
214,884629,886555,0.99,2147501168,2147484452,1,register_fault
215,875548,875616,0.99,2147501168,2147484452,1,register_fault
216,826352,826032,1.00,2147501168,2147484452,1,register_fault
217,826146,826016,1.00,2147501168,2147484452,1,register_fault
218,845940,845936,1.00,2147501168,2147484452,1,register_fault
219,855067,856239,0.99,2147501168,2147484452,1,register_fault
220,834501,834677,0.99,2147501168,2147484452,1,register_fault
221,826278,826284,0.99,2147501168,2147484452,1,register_fault
222,848441,848699,0.99,2147501168,2147484452,1,register_fault
223,845279,845381,0.99,2147501168,2147484452,1,register_fault
224,869519,869735,0.99,2147501168,2147484452,1,register_fault
225,853131,853405,0.99,2147501168,2147484452,1,register_fault
226,825872,825786,1.00,2147501168,2147484452,1,register_fault
227,825662,825608,1.00,2147501168,2147484452,1,register_fault
228,839951,842283,0.99,2147501168,2147484452,1,register_fault
229,955744,956130,0.99,2147501168,2147484452,1,register_fault
230,853144,853204,0.99,2147501168,2147484452,1,register_fault
231,855402,855620,0.99,2147501168,2147484452,1,register_fault
232,826308,826140,1.00,2147501168,2147484452,1,register_fault
233,888868,888626,1.00,2147501168,2147484452,1,register_fault
234,878842,878210,1.00,2147501168,2147484452,1,register_fault
235,1026918,1028578,0.99,2147501168,2147484452,1,register_fault
236,844992,844842,1.00,2147501168,2147484452,1,register_fault
237,826606,826498,1.00,2147501168,2147484452,1,register_fault
238,838791,838305,1.00,2147501168,2147484452,1,register_fault
239,872333,872725,0.99,2147501168,2147484452,1,register_fault
240,826486,826298,1.00,2147501168,2147484452,1,register_fault
241,825734,825774,0.99,2147501168,2147484452,1,register_fault
242,843556,843836,0.99,2147501168,2147484452,1,register_fault
243,846299,848227,0.99,2147501168,2147484452,1,register_fault
244,888781,888711,1.00,2147501168,2147484452,1,register_fault
245,864859,864921,0.99,2147501168,2147484452,1,register_fault
246,826238,826100,1.00,2147501168,2147484452,1,register_fault
247,826042,825904,1.00,2147501168,2147484452,1,register_fault
248,866575,866845,0.99,2147501168,2147484452,1,register_fault
249,832752,832874,0.99,2147501168,2147484452,1,register_fault
250,828112,827166,1.00,2147501168,2147484452,1,register_fault
251,826310,826102,1.00,2147501168,2147484452,1,register_fault
252,865093,865395,0.99,2147501168,2147484452,1,register_fault
253,836657,836945,0.99,2147501168,2147484452,1,register_fault
254,826000,825882,1.00,2147501168,2147484452,1,register_fault
255,825356,825222,1.00,2147501168,2147484452,1,register_fault
256,825530,825354,1.00,2147501168,2147484452,1,register_fault
257,827282,826444,1.00,2147501168,2147484452,1,register_fault
258,827182,826200,1.00,2147501168,2147484452,1,register_fault
259,870020,870082,0.99,2147501168,2147484452,1,register_fault
260,842730,842776,0.99,2147501168,2147484452,1,register_fault
261,852878,854686,0.99,2147501168,2147484452,1,register_fault
262,826510,826134,1.00,2147501168,2147484452,1,register_fault
263,826148,825908,1.00,2147501168,2147484452,1,register_fault
264,825946,825770,1.00,2147501168,2147484452,1,register_fault
265,830752,830698,1.00,2147501168,2147484452,1,register_fault
266,826418,826162,1.00,2147501168,2147484452,1,register_fault
267,825846,825760,1.00,2147501168,2147484452,1,register_fault
268,825914,825642,1.00,2147501168,2147484452,1,register_fault
269,828620,828476,1.00,2147501168,2147484452,1,register_fault
270,825412,825484,0.99,2147501168,2147484452,1,register_fault
271,825748,825652,1.00,2147501168,2147484452,1,register_fault
272,833944,833822,1.00,2147501168,2147484452,1,register_fault
273,1091336,1093408,0.99,2147501168,2147484452,1,register_fault
274,844835,846263,0.99,2147501168,2147484452,1,register_fault
275,866531,868527,0.99,2147501168,2147484452,1,register_fault
276,921128,920838,1.00,2147501168,2147484452,1,register_fault
277,879737,880105,0.99,2147501168,2147484452,1,register_fault
278,836444,836534,0.99,2147501168,2147484452,1,register_fault
279,866517,867029,0.99,2147501168,2147484452,1,register_fault
280,877945,879667,0.99,2147501168,2147484452,1,register_fault
281,826848,826520,1.00,2147501168,2147484452,1,register_fault
282,826472,826390,1.00,2147501168,2147484452,1,register_fault
283,826192,826054,1.00,2147501168,2147484452,1,register_fault
284,843440,843514,0.99,2147501168,2147484452,1,register_fault
285,825866,825726,1.00,2147501168,2147484452,1,register_fault
286,829048,829020,1.00,2147501168,2147484452,1,register_fault
287,825988,826016,0.99,2147501168,2147484452,1,register_fault
288,826560,826356,1.00,2147501168,2147484452,1,register_fault
289,832317,832717,0.99,2147501168,2147484452,1,register_fault
290,853873,854085,0.99,2147501168,2147484452,1,register_fault
291,872729,873113,0.99,2147501168,2147484452,1,register_fault
292,825862,825748,1.00,2147501168,2147484452,1,register_fault
293,848053,849167,0.99,2147501168,2147484452,1,register_fault
294,912226,912020,1.00,2147501168,2147484452,1,register_fault
295,845739,845939,0.99,2147501168,2147484452,1,register_fault
296,861038,861160,0.99,2147501168,2147484452,1,register_fault
297,835717,836097,0.99,2147501168,2147484452,1,register_fault
298,826252,826152,1.00,2147501168,2147484452,1,register_fault
299,843716,844018,0.99,2147501168,2147484452,1,register_fault
300,850392,850526,0.99,2147501168,2147484452,1,register_fault
301,835641,836255,0.99,2147501168,2147484452,1,register_fault
302,875775,877795,0.99,2147501168,2147484452,1,register_fault
303,826466,826066,1.00,2147501168,2147484452,1,register_fault
304,826000,825892,1.00,2147501168,2147484452,1,register_fault
305,825984,825778,1.00,2147501168,2147484452,1,register_fault
306,827496,826564,1.00,2147501168,2147484452,1,register_fault
307,826476,826254,1.00,2147501168,2147484452,1,register_fault
308,825962,825874,1.00,2147501168,2147484452,1,register_fault
309,844250,844398,0.99,2147501168,2147484452,1,register_fault
310,825534,825414,1.00,2147501168,2147484452,1,register_fault
311,826002,826026,0.99,2147501168,2147484452,1,register_fault
312,825814,825718,1.00,2147501168,2147484452,1,register_fault
313,826324,826196,1.00,2147501168,2147484452,1,register_fault
314,827118,826718,1.00,2147501168,2147484452,1,register_fault
315,859914,860086,0.99,2147501168,2147484452,1,register_fault
316,843011,844735,0.99,2147501168,2147484452,1,register_fault
317,898581,898871,0.99,2147501168,2147484452,1,register_fault
318,836165,835805,1.00,2147501168,2147484452,1,register_fault
319,825814,825564,1.00,2147501168,2147484452,1,register_fault
320,825664,825574,1.00,2147501168,2147484452,1,register_fault
321,846869,847243,0.99,2147501168,2147484452,1,register_fault
322,826162,826086,1.00,2147501168,2147484452,1,register_fault
323,825892,825810,1.00,2147501168,2147484452,1,register_fault
324,825866,825898,0.99,2147501168,2147484452,1,register_fault
325,848915,849301,0.99,2147501168,2147484452,1,register_fault
326,845269,845635,0.99,2147501168,2147484452,1,register_fault
327,913781,914157,0.99,2147501168,2147484452,1,register_fault
328,825998,825942,1.00,2147501168,2147484452,1,register_fault
329,826230,826224,1.00,2147501168,2147484452,1,register_fault
330,873525,873907,0.99,2147501168,2147484452,1,register_fault
331,866085,866457,0.99,2147501168,2147484452,1,register_fault
332,841788,841936,0.99,2147501168,2147484452,1,register_fault
333,825874,825940,0.99,2147501168,2147484452,1,register_fault
334,836631,837949,0.99,2147501168,2147484452,1,register_fault
335,826528,825850,1.00,2147501168,2147484452,1,register_fault
336,848957,849209,0.99,2147501168,2147484452,1,register_fault
337,841257,841641,0.99,2147501168,2147484452,1,register_fault
338,845898,847988,0.99,2147501168,2147484452,1,register_fault
339,854487,854473,1.00,2147501168,2147484452,1,register_fault
340,826188,826156,1.00,2147501168,2147484452,1,register_fault
341,861334,861226,1.00,2147501168,2147484452,1,register_fault
342,825890,825798,1.00,2147501168,2147484452,1,register_fault
343,826046,825958,1.00,2147501168,2147484452,1,register_fault
344,828978,828926,1.00,2147501168,2147484452,1,register_fault
345,825480,825380,1.00,2147501168,2147484452,1,register_fault
346,825976,825940,1.00,2147501168,2147484452,1,register_fault
347,825398,825270,1.00,2147501168,2147484452,1,register_fault
348,829342,829330,1.00,2147501168,2147484452,1,register_fault
349,827768,827026,1.00,2147501168,2147484452,1,register_fault
350,826244,826016,1.00,2147501168,2147484452,1,register_fault
351,825888,825744,1.00,2147501168,2147484452,1,register_fault
352,830090,830062,1.00,2147501168,2147484452,1,register_fault
353,870380,872248,0.99,2147501168,2147484452,1,register_fault
354,826736,826406,1.00,2147501168,2147484452,1,register_fault
355,859446,859604,0.99,2147501168,2147484452,1,register_fault
356,870813,870521,1.00,2147501168,2147484452,1,register_fault
357,829852,829634,1.00,2147501168,2147484452,1,register_fault
358,880869,880879,0.99,2147501168,2147484452,1,register_fault
359,826968,826858,1.00,2147501168,2147484452,1,register_fault
360,876267,876631,0.99,2147501168,2147484452,1,register_fault
361,864304,864512,0.99,2147501168,2147484452,1,register_fault
362,852961,855023,0.99,2147501168,2147484452,1,register_fault
363,827166,826776,1.00,2147501168,2147484452,1,register_fault
364,825828,825686,1.00,2147501168,2147484452,1,register_fault
365,831126,831142,0.99,2147501168,2147484452,1,register_fault
366,826096,825962,1.00,2147501168,2147484452,1,register_fault
367,825984,825970,1.00,2147501168,2147484452,1,register_fault
368,825876,825878,0.99,2147501168,2147484452,1,register_fault
369,829276,829260,1.00,2147501168,2147484452,1,register_fault
370,826204,826002,1.00,2147501168,2147484452,1,register_fault
371,825856,825746,1.00,2147501168,2147484452,1,register_fault
372,826144,826164,0.99,2147501168,2147484452,1,register_fault
373,838126,838210,0.99,2147501168,2147484452,1,register_fault
374,880134,880356,0.99,2147501168,2147484452,1,register_fault
375,825818,825764,1.00,2147501168,2147484452,1,register_fault
376,826288,826180,1.00,2147501168,2147484452,1,register_fault
377,825432,825306,1.00,2147501168,2147484452,1,register_fault
378,828962,828948,1.00,2147501168,2147484452,1,register_fault
379,825902,825824,1.00,2147501168,2147484452,1,register_fault
380,845339,845353,0.99,2147501168,2147484452,1,register_fault
381,826300,826332,0.99,2147501168,2147484452,1,register_fault
382,826636,826364,1.00,2147501168,2147484452,1,register_fault
383,829668,829596,1.00,2147501168,2147484452,1,register_fault
384,840155,840359,0.99,2147501168,2147484452,1,register_fault
385,826452,826396,1.00,2147501168,2147484452,1,register_fault
386,832729,833009,0.99,2147501168,2147484452,1,register_fault
387,826042,825928,1.00,2147501168,2147484452,1,register_fault
388,826278,826150,1.00,2147501168,2147484452,1,register_fault
389,826182,826378,0.99,2147501168,2147484452,1,register_fault
390,825548,825432,1.00,2147501168,2147484452,1,register_fault
391,840751,842467,0.99,2147501168,2147484452,1,register_fault
392,826924,826506,1.00,2147501168,2147484452,1,register_fault
393,826064,825762,1.00,2147501168,2147484452,1,register_fault
394,869905,871679,0.99,2147501168,2147484452,1,register_fault
395,826668,826356,1.00,2147501168,2147484452,1,register_fault
396,830056,829910,1.00,2147501168,2147484452,1,register_fault
397,825708,825658,1.00,2147501168,2147484452,1,register_fault
398,825766,825556,1.00,2147501168,2147484452,1,register_fault
399,838566,838072,1.00,2147501168,2147484452,1,register_fault
400,835419,835543,0.99,2147501168,2147484452,1,register_fault
401,828620,828536,1.00,2147501168,2147484452,1,register_fault
402,841121,842277,0.99,2147501168,2147484452,1,register_fault
403,838406,838352,1.00,2147501168,2147484452,1,register_fault
404,861063,861291,0.99,2147501168,2147484452,1,register_fault
405,872918,873170,0.99,2147501168,2147484452,1,register_fault
406,861148,861106,1.00,2147501168,2147484452,1,register_fault
407,874744,874946,0.99,2147501168,2147484452,1,register_fault
408,844812,844958,0.99,2147501168,2147484452,1,register_fault
409,1082713,1085069,0.99,2147501168,2147484452,1,register_fault
410,999278,999444,0.99,2147501168,2147484452,1,register_fault
411,847459,849615,0.99,2147501168,2147484452,1,register_fault
412,826502,826120,1.00,2147501168,2147484452,1,register_fault
413,825946,825700,1.00,2147501168,2147484452,1,register_fault
414,825750,825710,1.00,2147501168,2147484452,1,register_fault
415,833134,833148,0.99,2147501168,2147484452,1,register_fault
416,825792,825728,1.00,2147501168,2147484452,1,register_fault
417,825544,825556,0.99,2147501168,2147484452,1,register_fault
418,826218,826076,1.00,2147501168,2147484452,1,register_fault
419,829286,829434,0.99,2147501168,2147484452,1,register_fault
420,825940,825896,1.00,2147501168,2147484452,1,register_fault
421,826154,826228,0.99,2147501168,2147484452,1,register_fault
422,825864,825892,0.99,2147501168,2147484452,1,register_fault
423,829164,829082,1.00,2147501168,2147484452,1,register_fault
424,825424,825262,1.00,2147501168,2147484452,1,register_fault
425,825438,825392,1.00,2147501168,2147484452,1,register_fault
426,826346,826188,1.00,2147501168,2147484452,1,register_fault
427,825544,825510,1.00,2147501168,2147484452,1,register_fault
428,826248,826170,1.00,2147501168,2147484452,1,register_fault
429,825506,825472,1.00,2147501168,2147484452,1,register_fault
430,825958,825970,0.99,2147501168,2147484452,1,register_fault
431,825740,825636,1.00,2147501168,2147484452,1,register_fault
432,825874,825788,1.00,2147501168,2147484452,1,register_fault
433,825482,825438,1.00,2147501168,2147484452,1,register_fault
434,825634,825576,1.00,2147501168,2147484452,1,register_fault
435,829176,829100,1.00,2147501168,2147484452,1,register_fault
436,825570,825546,1.00,2147501168,2147484452,1,register_fault
437,825970,825848,1.00,2147501168,2147484452,1,register_fault
438,825728,825672,1.00,2147501168,2147484452,1,register_fault
439,826078,826116,0.99,2147501168,2147484452,1,register_fault
440,829184,829174,1.00,2147501168,2147484452,1,register_fault
441,825684,825574,1.00,2147501168,2147484452,1,register_fault
442,825960,825980,0.99,2147501168,2147484452,1,register_fault
443,825580,825510,1.00,2147501168,2147484452,1,register_fault
444,850148,846484,1.00,2147501168,2147484452,1,register_fault
445,875039,876989,0.99,2147501168,2147484452,1,register_fault
446,826890,826436,1.00,2147501168,2147484452,1,register_fault
447,826726,826452,1.00,2147501168,2147484452,1,register_fault
448,825906,825746,1.00,2147501168,2147484452,1,register_fault
449,826076,826030,1.00,2147501168,2147484452,1,register_fault
450,825946,825736,1.00,2147501168,2147484452,1,register_fault
451,825356,825244,1.00,2147501168,2147484452,1,register_fault
452,895604,895826,0.99,2147501168,2147484452,1,register_fault
453,892884,893002,0.99,2147501168,2147484452,1,register_fault
454,825858,825912,0.99,2147501168,2147484452,1,register_fault
455,875781,877487,0.99,2147501168,2147484452,1,register_fault
456,873545,873671,0.99,2147501168,2147484452,1,register_fault
457,875144,875342,0.99,2147501168,2147484452,1,register_fault
458,855074,855268,0.99,2147501168,2147484452,1,register_fault
459,847742,848096,0.99,2147501168,2147484452,1,register_fault
460,829188,829254,0.99,2147501168,2147484452,1,register_fault
461,825828,825806,1.00,2147501168,2147484452,1,register_fault
462,843244,843502,0.99,2147501168,2147484452,1,register_fault
463,851603,852863,0.99,2147501168,2147484452,1,register_fault
464,826064,825968,1.00,2147501168,2147484452,1,register_fault
465,828656,828668,0.99,2147501168,2147484452,1,register_fault
466,826068,826074,0.99,2147501168,2147484452,1,register_fault
467,884363,884807,0.99,2147501168,2147484452,1,register_fault
468,883724,883770,0.99,2147501168,2147484452,1,register_fault
469,851748,851986,0.99,2147501168,2147484452,1,register_fault
470,871221,871433,0.99,2147501168,2147484452,1,register_fault
471,826700,826382,1.00,2147501168,2147484452,1,register_fault
472,872937,873059,0.99,2147501168,2147484452,1,register_fault
473,859448,859560,0.99,2147501168,2147484452,1,register_fault
474,880540,880698,0.99,2147501168,2147484452,1,register_fault
475,1199301,1201479,0.99,2147501168,2147484452,1,register_fault
476,887086,886694,1.00,2147501168,2147484452,1,register_fault
477,886628,886350,1.00,2147501168,2147484452,1,register_fault
478,887162,886996,1.00,2147501168,2147484452,1,register_fault
479,876854,876620,1.00,2147501168,2147484452,1,register_fault
480,878270,877934,1.00,2147501168,2147484452,1,register_fault
481,856848,857584,0.99,2147501168,2147484452,1,register_fault
482,827292,826760,1.00,2147501168,2147484452,1,register_fault
483,859346,859084,1.00,2147501168,2147484452,1,register_fault
484,826134,826052,1.00,2147501168,2147484452,1,register_fault
485,825898,825822,1.00,2147501168,2147484452,1,register_fault
486,864180,864368,0.99,2147501168,2147484452,1,register_fault
487,919753,920277,0.99,2147501168,2147484452,1,register_fault
488,842875,844663,0.99,2147501168,2147484452,1,register_fault
489,827236,826704,1.00,2147501168,2147484452,1,register_fault
490,826406,826234,1.00,2147501168,2147484452,1,register_fault
491,825872,825720,1.00,2147501168,2147484452,1,register_fault
492,830648,830496,1.00,2147501168,2147484452,1,register_fault
493,826058,825838,1.00,2147501168,2147484452,1,register_fault
494,825444,825316,1.00,2147501168,2147484452,1,register_fault
495,825950,825876,1.00,2147501168,2147484452,1,register_fault
496,828498,828436,1.00,2147501168,2147484452,1,register_fault
497,825714,825680,1.00,2147501168,2147484452,1,register_fault
498,825910,825796,1.00,2147501168,2147484452,1,register_fault
499,825674,825526,1.00,2147501168,2147484452,1,register_fault
500,828740,828698,1.00,2147501168,2147484452,1,register_fault
501,825758,825674,1.00,2147501168,2147484452,1,register_fault
502,827270,827194,1.00,2147501168,2147484452,1,register_fault
503,829292,829240,1.00,2147501168,2147484452,1,register_fault
504,828788,828814,0.99,2147501168,2147484452,1,register_fault
505,825976,825962,1.00,2147501168,2147484452,1,register_fault
506,825562,825524,1.00,2147501168,2147484452,1,register_fault
507,826118,825984,1.00,2147501168,2147484452,1,register_fault
508,827828,827764,1.00,2147501168,2147484452,1,register_fault
509,837158,835836,1.00,2147501168,2147484452,1,register_fault
510,826746,826618,1.00,2147501168,2147484452,1,register_fault
511,825948,825776,1.00,2147501168,2147484452,1,register_fault
512,826202,825952,1.00,2147501168,2147484452,1,register_fault
513,827884,826996,1.00,2147501168,2147484452,1,register_fault
514,826056,825850,1.00,2147501168,2147484452,1,register_fault
515,825364,825352,1.00,2147501168,2147484452,1,register_fault
516,828446,828434,1.00,2147501168,2147484452,1,register_fault
517,825302,825276,1.00,2147501168,2147484452,1,register_fault
518,826188,826048,1.00,2147501168,2147484452,1,register_fault
519,825148,825058,1.00,2147501168,2147484452,1,register_fault
520,828142,828102,1.00,2147501168,2147484452,1,register_fault
521,825708,825600,1.00,2147501168,2147484452,1,register_fault
522,825528,825534,0.99,2147501168,2147484452,1,register_fault
523,825728,825524,1.00,2147501168,2147484452,1,register_fault
524,829978,829980,0.99,2147501168,2147484452,1,register_fault
525,826054,825962,1.00,2147501168,2147484452,1,register_fault
526,825374,825380,0.99,2147501168,2147484452,1,register_fault
527,826330,826186,1.00,2147501168,2147484452,1,register_fault
528,830536,830566,0.99,2147501168,2147484452,1,register_fault
529,826004,826020,0.99,2147501168,2147484452,1,register_fault
530,825982,825910,1.00,2147501168,2147484452,1,register_fault
531,826118,825888,1.00,2147501168,2147484452,1,register_fault
532,825560,825464,1.00,2147501168,2147484452,1,register_fault
533,826460,826434,1.00,2147501168,2147484452,1,register_fault
534,952738,952604,1.00,2147501168,2147484452,1,register_fault
535,826000,826010,0.99,2147501168,2147484452,1,register_fault
536,828968,828878,1.00,2147501168,2147484452,1,register_fault
537,826046,826034,1.00,2147501168,2147484452,1,register_fault
538,825768,825748,1.00,2147501168,2147484452,1,register_fault
539,825498,825442,1.00,2147501168,2147484452,1,register_fault
540,825824,825826,0.99,2147501168,2147484452,1,register_fault
541,828880,828830,1.00,2147501168,2147484452,1,register_fault
542,1144993,1147115,0.99,2147501168,2147484452,1,register_fault
543,827476,826860,1.00,2147501168,2147484452,1,register_fault
544,826748,826664,1.00,2147501168,2147484452,1,register_fault
545,825968,825806,1.00,2147501168,2147484452,1,register_fault
546,829110,829118,0.99,2147501168,2147484452,1,register_fault
547,849198,848420,1.00,2147501168,2147484452,1,register_fault
548,826696,826520,1.00,2147501168,2147484452,1,register_fault
549,862467,862545,0.99,2147501168,2147484452,1,register_fault
550,834871,835225,0.99,2147501168,2147484452,1,register_fault
551,829546,829488,1.00,2147501168,2147484452,1,register_fault
552,865782,865940,0.99,2147501168,2147484452,1,register_fault
553,825604,825590,1.00,2147501168,2147484452,1,register_fault
554,831921,832353,0.99,2147501168,2147484452,1,register_fault
555,870837,871335,0.99,2147501168,2147484452,1,register_fault
556,847535,848177,0.99,2147501168,2147484452,1,register_fault
557,826958,826528,1.00,2147501168,2147484452,1,register_fault
558,852840,852668,1.00,2147501168,2147484452,1,register_fault
559,825924,825772,1.00,2147501168,2147484452,1,register_fault
560,825496,825402,1.00,2147501168,2147484452,1,register_fault
561,825822,825738,1.00,2147501168,2147484452,1,register_fault
562,826228,826216,1.00,2147501168,2147484452,1,register_fault
563,840120,840184,0.99,2147501168,2147484452,1,register_fault
564,859624,859850,0.99,2147501168,2147484452,1,register_fault
565,845627,845889,0.99,2147501168,2147484452,1,register_fault
566,825904,825756,1.00,2147501168,2147484452,1,register_fault
567,850506,850650,0.99,2147501168,2147484452,1,register_fault
568,825792,825624,1.00,2147501168,2147484452,1,register_fault
569,825392,825280,1.00,2147501168,2147484452,1,register_fault
570,879942,880192,0.99,2147501168,2147484452,1,register_fault
571,825496,825528,0.99,2147501168,2147484452,1,register_fault
572,827840,826702,1.00,2147501168,2147484452,1,register_fault
573,825748,825554,1.00,2147501168,2147484452,1,register_fault
574,924237,925005,0.99,2147501168,2147484452,1,register_fault
575,852148,852052,1.00,2147501168,2147484452,1,register_fault
576,829362,829222,1.00,2147501168,2147484452,1,register_fault
577,826020,825888,1.00,2147501168,2147484452,1,register_fault
578,828660,828740,0.99,2147501168,2147484452,1,register_fault
579,876855,878789,0.99,2147501168,2147484452,1,register_fault
580,827720,827016,1.00,2147501168,2147484452,1,register_fault
581,849191,849573,0.99,2147501168,2147484452,1,register_fault
582,825998,825790,1.00,2147501168,2147484452,1,register_fault
583,825658,825576,1.00,2147501168,2147484452,1,register_fault
584,835955,836167,0.99,2147501168,2147484452,1,register_fault
585,838501,838711,0.99,2147501168,2147484452,1,register_fault
586,847664,847826,0.99,2147501168,2147484452,1,register_fault
587,826026,825808,1.00,2147501168,2147484452,1,register_fault
588,846084,846264,0.99,2147501168,2147484452,1,register_fault
589,844875,845151,0.99,2147501168,2147484452,1,register_fault
590,845579,845867,0.99,2147501168,2147484452,1,register_fault
591,860504,860390,1.00,2147501168,2147484452,1,register_fault
592,848579,848829,0.99,2147501168,2147484452,1,register_fault
593,866308,866534,0.99,2147501168,2147484452,1,register_fault
594,838933,839355,0.99,2147501168,2147484452,1,register_fault
595,861843,862429,0.99,2147501168,2147484452,1,register_fault
596,864187,863617,1.00,2147501168,2147484452,1,register_fault
597,826364,826044,1.00,2147501168,2147484452,1,register_fault
598,847308,847556,0.99,2147501168,2147484452,1,register_fault
599,825432,825404,1.00,2147501168,2147484452,1,register_fault
600,924390,924698,0.99,2147501168,2147484452,1,register_fault
601,825566,825616,0.99,2147501168,2147484452,1,register_fault
602,863769,863577,1.00,2147501168,2147484452,1,register_fault
603,853441,853921,0.99,2147501168,2147484452,1,register_fault
604,879076,879390,0.99,2147501168,2147484452,1,register_fault
605,875063,875213,0.99,2147501168,2147484452,1,register_fault
606,847626,847896,0.99,2147501168,2147484452,1,register_fault
607,924763,926987,0.99,2147501168,2147484452,1,register_fault
608,826538,826140,1.00,2147501168,2147484452,1,register_fault
609,837729,839509,0.99,2147501168,2147484452,1,register_fault
610,832077,832469,0.99,2147501168,2147484452,1,register_fault
611,858951,859339,0.99,2147501168,2147484452,1,register_fault
612,835511,835769,0.99,2147501168,2147484452,1,register_fault
613,875936,876208,0.99,2147501168,2147484452,1,register_fault
614,825704,825714,0.99,2147501168,2147484452,1,register_fault
615,838137,840023,0.99,2147501168,2147484452,1,register_fault
616,878955,879169,0.99,2147501168,2147484452,1,register_fault
617,890842,891084,0.99,2147501168,2147484452,1,register_fault
618,867793,867929,0.99,2147501168,2147484452,1,register_fault
619,866685,868857,0.99,2147501168,2147484452,1,register_fault
620,827110,826736,1.00,2147501168,2147484452,1,register_fault
621,825480,825312,1.00,2147501168,2147484452,1,register_fault
622,826052,826028,1.00,2147501168,2147484452,1,register_fault
623,833666,833644,1.00,2147501168,2147484452,1,register_fault
624,826274,826242,1.00,2147501168,2147484452,1,register_fault
625,825788,825750,1.00,2147501168,2147484452,1,register_fault
626,825782,825694,1.00,2147501168,2147484452,1,register_fault
627,828568,828542,1.00,2147501168,2147484452,1,register_fault
628,825810,825796,1.00,2147501168,2147484452,1,register_fault
629,825954,825784,1.00,2147501168,2147484452,1,register_fault
630,825986,825826,1.00,2147501168,2147484452,1,register_fault
631,828880,828894,0.99,2147501168,2147484452,1,register_fault
632,825256,825182,1.00,2147501168,2147484452,1,register_fault
633,825606,825658,0.99,2147501168,2147484452,1,register_fault
634,825906,825928,0.99,2147501168,2147484452,1,register_fault
635,826026,826008,1.00,2147501168,2147484452,1,register_fault
636,826342,826268,1.00,2147501168,2147484452,1,register_fault
637,825022,824954,1.00,2147501168,2147484452,1,register_fault
638,825910,825692,1.00,2147501168,2147484452,1,register_fault
639,825500,825416,1.00,2147501168,2147484452,1,register_fault
640,826244,826424,0.99,2147501168,2147484452,1,register_fault
641,1069935,1070923,0.99,2147501168,2147484452,1,register_fault
642,836956,836078,1.00,2147501168,2147484452,1,register_fault
643,828240,828056,1.00,2147501168,2147484452,1,register_fault
644,825594,825436,1.00,2147501168,2147484452,1,register_fault
645,825700,825710,0.99,2147501168,2147484452,1,register_fault
646,890608,890836,0.99,2147501168,2147484452,1,register_fault
647,826040,825952,1.00,2147501168,2147484452,1,register_fault
648,847628,847848,0.99,2147501168,2147484452,1,register_fault
649,826496,826452,1.00,2147501168,2147484452,1,register_fault
650,827432,826402,1.00,2147501168,2147484452,1,register_fault
651,826092,825750,1.00,2147501168,2147484452,1,register_fault
652,848640,848892,0.99,2147501168,2147484452,1,register_fault
653,829016,828968,1.00,2147501168,2147484452,1,register_fault
654,825658,825610,1.00,2147501168,2147484452,1,register_fault
655,840006,840212,0.99,2147501168,2147484452,1,register_fault
656,926906,927062,0.99,2147501168,2147484452,1,register_fault
657,856062,856344,0.99,2147501168,2147484452,1,register_fault
658,841448,841578,0.99,2147501168,2147484452,1,register_fault
659,904921,905959,0.99,2147501168,2147484452,1,register_fault
660,854285,854909,0.99,2147501168,2147484452,1,register_fault
661,869835,869859,0.99,2147501168,2147484452,1,register_fault
662,825952,825648,1.00,2147501168,2147484452,1,register_fault
663,830094,830122,0.99,2147501168,2147484452,1,register_fault
664,825862,825822,1.00,2147501168,2147484452,1,register_fault
665,825584,825568,1.00,2147501168,2147484452,1,register_fault
666,828190,827426,1.00,2147501168,2147484452,1,register_fault
667,848116,848166,0.99,2147501168,2147484452,1,register_fault
668,854111,854417,0.99,2147501168,2147484452,1,register_fault
669,870542,870730,0.99,2147501168,2147484452,1,register_fault
670,872954,873000,0.99,2147501168,2147484452,1,register_fault
671,831427,831831,0.99,2147501168,2147484452,1,register_fault
672,826304,826166,1.00,2147501168,2147484452,1,register_fault
673,882147,882429,0.99,2147501168,2147484452,1,register_fault
674,838931,839279,0.99,2147501168,2147484452,1,register_fault
675,847966,848272,0.99,2147501168,2147484452,1,register_fault
676,832585,832717,0.99,2147501168,2147484452,1,register_fault
677,871075,871379,0.99,2147501168,2147484452,1,register_fault
678,826332,826234,1.00,2147501168,2147484452,1,register_fault
679,857235,857455,0.99,2147501168,2147484452,1,register_fault
680,839029,839499,0.99,2147501168,2147484452,1,register_fault
681,866852,866956,0.99,2147501168,2147484452,1,register_fault
682,835517,835893,0.99,2147501168,2147484452,1,register_fault
683,841134,843310,0.99,2147501168,2147484452,1,register_fault
684,827282,826922,1.00,2147501168,2147484452,1,register_fault
685,826378,826178,1.00,2147501168,2147484452,1,register_fault
686,826244,826054,1.00,2147501168,2147484452,1,register_fault
687,865903,867437,0.99,2147501168,2147484452,1,register_fault
688,891140,890790,1.00,2147501168,2147484452,1,register_fault
689,832724,832682,1.00,2147501168,2147484452,1,register_fault
690,870427,870809,0.99,2147501168,2147484452,1,register_fault
691,826150,825854,1.00,2147501168,2147484452,1,register_fault
692,915868,916172,0.99,2147501168,2147484452,1,register_fault
693,825738,825694,1.00,2147501168,2147484452,1,register_fault
694,901729,902263,0.99,2147501168,2147484452,1,register_fault
695,951393,953499,0.99,2147501168,2147484452,1,register_fault
696,876220,876182,1.00,2147501168,2147484452,1,register_fault
697,855633,855883,0.99,2147501168,2147484452,1,register_fault
698,862027,862247,0.99,2147501168,2147484452,1,register_fault
699,871766,872058,0.99,2147501168,2147484452,1,register_fault
700,832921,832835,1.00,2147501168,2147484452,1,register_fault
701,849788,849956,0.99,2147501168,2147484452,1,register_fault
702,825692,825638,1.00,2147501168,2147484452,1,register_fault
703,843552,843722,0.99,2147501168,2147484452,1,register_fault
704,825856,825860,0.99,2147501168,2147484452,1,register_fault
705,857588,857810,0.99,2147501168,2147484452,1,register_fault
706,826290,826236,1.00,2147501168,2147484452,1,register_fault
707,912714,912918,0.99,2147501168,2147484452,1,register_fault
708,828136,827108,1.00,2147501168,2147484452,1,register_fault
709,831954,831720,1.00,2147501168,2147484452,1,register_fault
710,825726,825650,1.00,2147501168,2147484452,1,register_fault
711,825944,825934,1.00,2147501168,2147484452,1,register_fault
712,826304,826152,1.00,2147501168,2147484452,1,register_fault
713,828742,828796,0.99,2147501168,2147484452,1,register_fault
714,921862,922018,0.99,2147501168,2147484452,1,register_fault
715,825766,825694,1.00,2147501168,2147484452,1,register_fault
716,825394,825382,1.00,2147501168,2147484452,1,register_fault
717,826162,826182,0.99,2147501168,2147484452,1,register_fault
718,826026,825934,1.00,2147501168,2147484452,1,register_fault
719,825704,825742,0.99,2147501168,2147484452,1,register_fault
720,825422,825358,1.00,2147501168,2147484452,1,register_fault
721,825594,825482,1.00,2147501168,2147484452,1,register_fault
722,829056,828926,1.00,2147501168,2147484452,1,register_fault
723,825424,825362,1.00,2147501168,2147484452,1,register_fault
724,825824,825744,1.00,2147501168,2147484452,1,register_fault
725,826116,826026,1.00,2147501168,2147484452,1,register_fault
726,827748,827784,0.99,2147501168,2147484452,1,register_fault
727,826330,826210,1.00,2147501168,2147484452,1,register_fault
728,1065516,1066628,0.99,2147501168,2147484452,1,register_fault
729,831086,830636,1.00,2147501168,2147484452,1,register_fault
730,826122,825986,1.00,2147501168,2147484452,1,register_fault
731,826404,826382,1.00,2147501168,2147484452,1,register_fault
732,843896,843862,1.00,2147501168,2147484452,1,register_fault
733,847198,847120,1.00,2147501168,2147484452,1,register_fault
734,859732,859762,0.99,2147501168,2147484452,1,register_fault
735,864618,864498,1.00,2147501168,2147484452,1,register_fault
736,865122,865004,1.00,2147501168,2147484452,1,register_fault
737,868916,868964,0.99,2147501168,2147484452,1,register_fault
738,875746,875628,1.00,2147501168,2147484452,1,register_fault
739,885990,885918,1.00,2147501168,2147484452,1,register_fault
740,916107,918277,0.99,2147501168,2147484452,1,register_fault
741,908137,908487,0.99,2147501168,2147484452,1,register_fault
742,886666,886430,1.00,2147501168,2147484452,1,register_fault
743,931469,932283,0.99,2147501168,2147484452,1,register_fault
744,887120,886628,1.00,2147501168,2147484452,1,register_fault
745,886526,886548,0.99,2147501168,2147484452,1,register_fault
746,886278,886270,1.00,2147501168,2147484452,1,register_fault
747,890890,890822,1.00,2147501168,2147484452,1,register_fault
748,886590,886516,1.00,2147501168,2147484452,1,register_fault
749,886558,886340,1.00,2147501168,2147484452,1,register_fault
750,886092,886024,1.00,2147501168,2147484452,1,register_fault
751,886044,885966,1.00,2147501168,2147484452,1,register_fault
752,886590,886574,1.00,2147501168,2147484452,1,register_fault
753,905654,907758,0.99,2147501168,2147484452,1,register_fault
754,880060,879498,1.00,2147501168,2147484452,1,register_fault
755,865268,865014,1.00,2147501168,2147484452,1,register_fault
756,865222,865024,1.00,2147501168,2147484452,1,register_fault
757,833206,832250,1.00,2147501168,2147484452,1,register_fault
758,825840,825822,1.00,2147501168,2147484452,1,register_fault
759,915314,915412,0.99,2147501168,2147484452,1,register_fault
760,872796,872888,0.99,2147501168,2147484452,1,register_fault
761,885372,885500,0.99,2147501168,2147484452,1,register_fault
762,839242,839230,1.00,2147501168,2147484452,1,register_fault
763,840795,842915,0.99,2147501168,2147484452,1,register_fault
764,827140,826608,1.00,2147501168,2147484452,1,register_fault
765,826004,825846,1.00,2147501168,2147484452,1,register_fault
766,826706,826562,1.00,2147501168,2147484452,1,register_fault
767,826812,826602,1.00,2147501168,2147484452,1,register_fault
768,825956,825864,1.00,2147501168,2147484452,1,register_fault
769,855550,857492,0.99,2147501168,2147484452,1,register_fault
770,1136597,1138103,0.99,2147501168,2147484452,1,register_fault
771,827018,826516,1.00,2147501168,2147484452,1,register_fault
772,826276,826026,1.00,2147501168,2147484452,1,register_fault
773,825838,825780,1.00,2147501168,2147484452,1,register_fault
774,882168,883726,0.99,2147501168,2147484452,1,register_fault
775,837791,839489,0.99,2147501168,2147484452,1,register_fault
776,826778,826406,1.00,2147501168,2147484452,1,register_fault
777,920994,921060,0.99,2147501168,2147484452,1,register_fault
778,825870,825786,1.00,2147501168,2147484452,1,register_fault
779,825838,825806,1.00,2147501168,2147484452,1,register_fault
780,825594,825496,1.00,2147501168,2147484452,1,register_fault
781,825930,825894,1.00,2147501168,2147484452,1,register_fault
782,839383,841409,0.99,2147501168,2147484452,1,register_fault
783,826426,825994,1.00,2147501168,2147484452,1,register_fault
784,837324,837166,1.00,2147501168,2147484452,1,register_fault
785,825720,825586,1.00,2147501168,2147484452,1,register_fault
786,828578,828550,1.00,2147501168,2147484452,1,register_fault
787,852766,852946,0.99,2147501168,2147484452,1,register_fault
788,827648,826386,1.00,2147501168,2147484452,1,register_fault
789,826416,826298,1.00,2147501168,2147484452,1,register_fault
790,849733,849815,0.99,2147501168,2147484452,1,register_fault
791,851018,851232,0.99,2147501168,2147484452,1,register_fault
792,855406,855650,0.99,2147501168,2147484452,1,register_fault
793,900116,900316,0.99,2147501168,2147484452,1,register_fault
794,854340,854440,0.99,2147501168,2147484452,1,register_fault
795,831256,831158,1.00,2147501168,2147484452,1,register_fault
796,858917,861245,0.99,2147501168,2147484452,1,register_fault
797,837614,839118,0.99,2147501168,2147484452,1,register_fault
798,826708,826460,1.00,2147501168,2147484452,1,register_fault
799,826030,825936,1.00,2147501168,2147484452,1,register_fault
800,857761,858739,0.99,2147501168,2147484452,1,register_fault
801,848331,848593,0.99,2147501168,2147484452,1,register_fault
802,848512,848630,0.99,2147501168,2147484452,1,register_fault
803,827628,826592,1.00,2147501168,2147484452,1,register_fault
804,826086,825956,1.00,2147501168,2147484452,1,register_fault
805,826312,826202,1.00,2147501168,2147484452,1,register_fault
806,897623,897881,0.99,2147501168,2147484452,1,register_fault
807,826352,826246,1.00,2147501168,2147484452,1,register_fault
808,876422,876700,0.99,2147501168,2147484452,1,register_fault
809,848171,849877,0.99,2147501168,2147484452,1,register_fault
810,829548,829572,0.99,2147501168,2147484452,1,register_fault
811,825588,825570,1.00,2147501168,2147484452,1,register_fault
812,829088,829230,0.99,2147501168,2147484452,1,register_fault
813,855317,857207,0.99,2147501168,2147484452,1,register_fault
814,845662,845880,0.99,2147501168,2147484452,1,register_fault
815,826690,826232,1.00,2147501168,2147484452,1,register_fault
816,841963,842307,0.99,2147501168,2147484452,1,register_fault
817,825524,825574,0.99,2147501168,2147484452,1,register_fault
818,853412,853592,0.99,2147501168,2147484452,1,register_fault
819,826496,826092,1.00,2147501168,2147484452,1,register_fault
820,826556,826392,1.00,2147501168,2147484452,1,register_fault
821,826262,826114,1.00,2147501168,2147484452,1,register_fault
822,857427,857665,0.99,2147501168,2147484452,1,register_fault
823,825724,825608,1.00,2147501168,2147484452,1,register_fault
824,846932,847132,0.99,2147501168,2147484452,1,register_fault
825,849698,848996,1.00,2147501168,2147484452,1,register_fault
826,825890,825818,1.00,2147501168,2147484452,1,register_fault
827,825450,825374,1.00,2147501168,2147484452,1,register_fault
828,837404,837588,0.99,2147501168,2147484452,1,register_fault
829,840295,841109,0.99,2147501168,2147484452,1,register_fault
830,899235,899273,0.99,2147501168,2147484452,1,register_fault
831,825350,825256,1.00,2147501168,2147484452,1,register_fault
832,825756,825638,1.00,2147501168,2147484452,1,register_fault
833,832272,832236,1.00,2147501168,2147484452,1,register_fault
834,857870,858046,0.99,2147501168,2147484452,1,register_fault
835,825914,825876,1.00,2147501168,2147484452,1,register_fault
836,845340,845492,0.99,2147501168,2147484452,1,register_fault
837,825766,825740,1.00,2147501168,2147484452,1,register_fault
838,847452,846588,1.00,2147501168,2147484452,1,register_fault
839,825792,825572,1.00,2147501168,2147484452,1,register_fault
840,826020,825894,1.00,2147501168,2147484452,1,register_fault
841,952530,954328,0.99,2147501168,2147484452,1,register_fault
842,826854,826330,1.00,2147501168,2147484452,1,register_fault
843,826200,826084,1.00,2147501168,2147484452,1,register_fault
844,872607,873893,0.99,2147501168,2147484452,1,register_fault
845,844266,844170,1.00,2147501168,2147484452,1,register_fault
846,849840,849910,0.99,2147501168,2147484452,1,register_fault
847,838869,839179,0.99,2147501168,2147484452,1,register_fault
848,825910,825674,1.00,2147501168,2147484452,1,register_fault
849,825856,825854,1.00,2147501168,2147484452,1,register_fault
850,842123,842523,0.99,2147501168,2147484452,1,register_fault
851,825736,825670,1.00,2147501168,2147484452,1,register_fault
852,825994,825820,1.00,2147501168,2147484452,1,register_fault
853,841127,842965,0.99,2147501168,2147484452,1,register_fault
854,843044,842872,1.00,2147501168,2147484452,1,register_fault
855,825864,825746,1.00,2147501168,2147484452,1,register_fault
856,825680,825558,1.00,2147501168,2147484452,1,register_fault
857,829914,829882,1.00,2147501168,2147484452,1,register_fault
858,834701,834801,0.99,2147501168,2147484452,1,register_fault
859,826062,825854,1.00,2147501168,2147484452,1,register_fault
860,839377,839745,0.99,2147501168,2147484452,1,register_fault
861,852888,852818,1.00,2147501168,2147484452,1,register_fault
862,857612,857910,0.99,2147501168,2147484452,1,register_fault
863,831212,831202,1.00,2147501168,2147484452,1,register_fault
864,845090,845338,0.99,2147501168,2147484452,1,register_fault
865,839932,839330,1.00,2147501168,2147484452,1,register_fault
866,853738,853768,0.99,2147501168,2147484452,1,register_fault
867,827920,826976,1.00,2147501168,2147484452,1,register_fault
868,825914,825768,1.00,2147501168,2147484452,1,register_fault
869,826008,825830,1.00,2147501168,2147484452,1,register_fault
870,1027173,1028239,0.99,2147501168,2147484452,1,register_fault
871,859968,859982,0.99,2147501168,2147484452,1,register_fault
872,903635,903155,1.00,2147501168,2147484452,1,register_fault
873,845343,845585,0.99,2147501168,2147484452,1,register_fault
874,875574,875564,1.00,2147501168,2147484452,1,register_fault
875,826022,825960,1.00,2147501168,2147484452,1,register_fault
876,827382,826486,1.00,2147501168,2147484452,1,register_fault
877,826586,826384,1.00,2147501168,2147484452,1,register_fault
878,826614,826520,1.00,2147501168,2147484452,1,register_fault
879,826016,825866,1.00,2147501168,2147484452,1,register_fault
880,825656,825546,1.00,2147501168,2147484452,1,register_fault
881,825386,825306,1.00,2147501168,2147484452,1,register_fault
882,825550,825430,1.00,2147501168,2147484452,1,register_fault
883,826140,826108,1.00,2147501168,2147484452,1,register_fault
884,826056,826068,0.99,2147501168,2147484452,1,register_fault
885,826216,826138,1.00,2147501168,2147484452,1,register_fault
886,825712,825662,1.00,2147501168,2147484452,1,register_fault
887,841566,841584,0.99,2147501168,2147484452,1,register_fault
888,825842,825756,1.00,2147501168,2147484452,1,register_fault
889,825698,825582,1.00,2147501168,2147484452,1,register_fault
890,826334,826150,1.00,2147501168,2147484452,1,register_fault
891,826224,826120,1.00,2147501168,2147484452,1,register_fault
892,825648,825486,1.00,2147501168,2147484452,1,register_fault
893,866383,867505,0.99,2147501168,2147484452,1,register_fault
894,1244628,1246316,0.99,2147501168,2147484452,1,register_fault
895,827062,826676,1.00,2147501168,2147484452,1,register_fault
896,826278,826094,1.00,2147501168,2147484452,1,register_fault
897,825740,825548,1.00,2147501168,2147484452,1,register_fault
898,827400,826460,1.00,2147501168,2147484452,1,register_fault
899,826362,826282,1.00,2147501168,2147484452,1,register_fault
900,825774,825628,1.00,2147501168,2147484452,1,register_fault
901,825516,825464,1.00,2147501168,2147484452,1,register_fault
902,853072,855254,0.99,2147501168,2147484452,1,register_fault
903,827490,826926,1.00,2147501168,2147484452,1,register_fault
904,840057,840047,1.00,2147501168,2147484452,1,register_fault
905,826386,826170,1.00,2147501168,2147484452,1,register_fault
906,825754,825640,1.00,2147501168,2147484452,1,register_fault
907,826122,826018,1.00,2147501168,2147484452,1,register_fault
908,826012,825906,1.00,2147501168,2147484452,1,register_fault
909,825694,825656,1.00,2147501168,2147484452,1,register_fault
910,825914,825766,1.00,2147501168,2147484452,1,register_fault
911,838164,838324,0.99,2147501168,2147484452,1,register_fault
912,830022,830014,1.00,2147501168,2147484452,1,register_fault
913,825716,825720,0.99,2147501168,2147484452,1,register_fault
914,826240,826058,1.00,2147501168,2147484452,1,register_fault
915,825764,825646,1.00,2147501168,2147484452,1,register_fault
916,829850,829788,1.00,2147501168,2147484452,1,register_fault
917,941692,958458,0.98,2147501168,2147484452,1,register_fault
918,826994,826638,1.00,2147501168,2147484452,1,register_fault
919,865059,866019,0.99,2147501168,2147484452,1,register_fault
920,826710,826332,1.00,2147501168,2147484452,1,register_fault
921,931545,931767,0.99,2147501168,2147484452,1,register_fault
922,845290,845496,0.99,2147501168,2147484452,1,register_fault
923,885098,885234,0.99,2147501168,2147484452,1,register_fault
924,836870,836964,0.99,2147501168,2147484452,1,register_fault
925,915979,916397,0.99,2147501168,2147484452,1,register_fault
926,855721,855903,0.99,2147501168,2147484452,1,register_fault
927,853501,853735,0.99,2147501168,2147484452,1,register_fault
928,1281318,1281714,0.99,2147501168,2147484452,1,register_fault
929,863162,863330,0.99,2147501168,2147484452,1,register_fault
930,851386,851158,1.00,2147501168,2147484452,1,register_fault
931,825832,825692,1.00,2147501168,2147484452,1,register_fault
932,829478,829400,1.00,2147501168,2147484452,1,register_fault
933,826300,826340,0.99,2147501168,2147484452,1,register_fault
934,840755,842711,0.99,2147501168,2147484452,1,register_fault
935,826632,826230,1.00,2147501168,2147484452,1,register_fault
936,826152,826060,1.00,2147501168,2147484452,1,register_fault
937,825606,825558,1.00,2147501168,2147484452,1,register_fault
938,825658,825670,0.99,2147501168,2147484452,1,register_fault
939,825990,825870,1.00,2147501168,2147484452,1,register_fault
940,825624,825560,1.00,2147501168,2147484452,1,register_fault
941,840850,842804,0.99,2147501168,2147484452,1,register_fault
942,877550,877132,1.00,2147501168,2147484452,1,register_fault
943,826800,826298,1.00,2147501168,2147484452,1,register_fault
944,832497,832533,0.99,2147501168,2147484452,1,register_fault
945,847241,847437,0.99,2147501168,2147484452,1,register_fault
946,826162,826090,1.00,2147501168,2147484452,1,register_fault
947,873791,874207,0.99,2147501168,2147484452,1,register_fault
948,867390,867490,0.99,2147501168,2147484452,1,register_fault
949,826268,826086,1.00,2147501168,2147484452,1,register_fault
950,846388,846564,0.99,2147501168,2147484452,1,register_fault
951,826126,826048,1.00,2147501168,2147484452,1,register_fault
952,839867,840995,0.99,2147501168,2147484452,1,register_fault
953,826598,826232,1.00,2147501168,2147484452,1,register_fault
954,826280,826114,1.00,2147501168,2147484452,1,register_fault
955,825804,825728,1.00,2147501168,2147484452,1,register_fault
956,829702,829662,1.00,2147501168,2147484452,1,register_fault
957,826410,826320,1.00,2147501168,2147484452,1,register_fault
958,826080,826050,1.00,2147501168,2147484452,1,register_fault
959,825712,825636,1.00,2147501168,2147484452,1,register_fault
960,825850,825748,1.00,2147501168,2147484452,1,register_fault
961,838200,838300,0.99,2147501168,2147484452,1,register_fault
962,825990,825948,1.00,2147501168,2147484452,1,register_fault
963,923089,916699,1.00,2147501168,2147484452,1,register_fault
964,841835,843127,0.99,2147501168,2147484452,1,register_fault
965,836260,836256,1.00,2147501168,2147484452,1,register_fault
966,830888,830704,1.00,2147501168,2147484452,1,register_fault
967,847190,847394,0.99,2147501168,2147484452,1,register_fault
968,835496,835878,0.99,2147501168,2147484452,1,register_fault
969,893946,894202,0.99,2147501168,2147484452,1,register_fault
970,858445,859907,0.99,2147501168,2147484452,1,register_fault
971,826466,826296,1.00,2147501168,2147484452,1,register_fault
972,833415,833703,0.99,2147501168,2147484452,1,register_fault
973,843052,843034,1.00,2147501168,2147484452,1,register_fault
974,826138,826136,1.00,2147501168,2147484452,1,register_fault
975,860216,862248,0.99,2147501168,2147484452,1,register_fault
976,999225,1000093,0.99,2147501168,2147484452,1,register_fault
977,828118,827898,1.00,2147501168,2147484452,1,register_fault
978,827036,826984,1.00,2147501168,2147484452,1,register_fault
979,827152,827182,0.99,2147501168,2147484452,1,register_fault
980,836566,836630,0.99,2147501168,2147484452,1,register_fault
981,827754,827676,1.00,2147501168,2147484452,1,register_fault
982,831382,831470,0.99,2147501168,2147484452,1,register_fault
983,827124,827038,1.00,2147501168,2147484452,1,register_fault
984,829988,830000,0.99,2147501168,2147484452,1,register_fault
985,826602,826510,1.00,2147501168,2147484452,1,register_fault
986,826948,826954,0.99,2147501168,2147484452,1,register_fault
987,827170,827150,1.00,2147501168,2147484452,1,register_fault
988,826514,826540,0.99,2147501168,2147484452,1,register_fault
989,830814,830790,1.00,2147501168,2147484452,1,register_fault
990,826976,826984,0.99,2147501168,2147484452,1,register_fault
991,831018,831114,0.99,2147501168,2147484452,1,register_fault
992,827200,827178,1.00,2147501168,2147484452,1,register_fault
993,831282,831270,1.00,2147501168,2147484452,1,register_fault
994,827080,826936,1.00,2147501168,2147484452,1,register_fault
995,1351984,1354768,0.99,2147501168,2147484452,1,register_fault
996,842828,841752,1.00,2147501168,2147484452,1,register_fault
997,827202,827236,0.99,2147501168,2147484452,1,register_fault
998,827386,827264,1.00,2147501168,2147484452,1,register_fault
999,827072,827088,0.99,2147501168,2147484452,1,register_fault
1000,828278,827046,1.00,2147501168,2147484452,1,register_fault
